-- phpMyAdmin SQL Dump
-- version 4.8.4
-- https://www.phpmyadmin.net/
--
-- Host: 127.0.0.1
-- Generation Time: Mar 07, 2019 at 10:56 AM
-- Server version: 10.1.37-MariaDB
-- PHP Version: 7.3.1

SET SQL_MODE = "NO_AUTO_VALUE_ON_ZERO";
SET AUTOCOMMIT = 0;
START TRANSACTION;
SET time_zone = "+00:00";


/*!40101 SET @OLD_CHARACTER_SET_CLIENT=@@CHARACTER_SET_CLIENT */;
/*!40101 SET @OLD_CHARACTER_SET_RESULTS=@@CHARACTER_SET_RESULTS */;
/*!40101 SET @OLD_COLLATION_CONNECTION=@@COLLATION_CONNECTION */;
/*!40101 SET NAMES utf8mb4 */;

--
-- Database: `voting`
--

-- --------------------------------------------------------

--
-- Table structure for table `candidates`
--

CREATE TABLE `candidates` (
  `id` int(11) NOT NULL,
  `name` varchar(55) NOT NULL,
  `course` text,
  `platform` varchar(150) DEFAULT NULL,
  `position` varchar(20) NOT NULL,
  `election_id` int(11) NOT NULL
) ENGINE=InnoDB DEFAULT CHARSET=latin1;

--
-- Dumping data for table `candidates`
--

INSERT INTO `candidates` (`id`, `name`, `course`, `platform`, `position`, `election_id`) VALUES
(1, 't5t645 5e5 ', '', '', '', 0),
(2, 't5t645 5e5 ', '', '', 'Auditor', 0),
(3, 't5t645 5e5 ', '', '', 'Auditor', 0),
(4, 'awdaw awdawd ', '', '', 'Vice', 0),
(5, '434345 ', '', '', 'President', 0),
(6, '987978 ', '', '', 'Auditor', 0),
(7, '7987979 ', '', '', 'Secretary', 0),
(8, 'awdwadaw ', '', '', 'Treasurer', 0),
(9, '4533 ', '', '', 'Sargeant', 0),
(10, '4354353 ', '', '', 'Sargeant at Arms ', 0),
(11, '634536 3463 34634 ', '', '', 'Sargeant at Arms ', 0),
(12, '23445 ', '', '', 'Auditor ', 45),
(13, 'awdawdaw ', '', '', 'Auditor ', 44),
(14, 'awdawawd ', '', '', 'President ', 55),
(15, 'eteerg ', '', '', 'Vice President ', 55),
(16, 'gdrhdhjd ', '', '', 'Auditor ', 55),
(17, 'sgjftyjfj ', '', '', 'Secretary ', 55),
(18, 'adawdaw ', '', '', 'President ', 55),
(19, 'hhdsrhdr ', '', '', 'Vice President ', 55),
(20, 'hdhdrh ', '', '', 'Vice President ', 55),
(21, 'dawdaw ', '', '', 'Secretary ', 55),
(22, '546656 ', '', '', 'Vice President ', 55),
(23, 'awdawd ', '', '', 'Auditor ', 57),
(24, 'awdawdwa ', '', '', 'Treasurer ', 55),
(25, 'aryana ', '', '', 'Secretary ', 57),
(26, '87987987 ', '', '', 'Secretary ', 53),
(27, 'ed sherran ', '', '', 'Auditor ', 54),
(28, 'ed sherran ', '', '', 'Auditor ', 54),
(29, 'ed sherran ', '', '', 'Auditor ', 54),
(30, 'sample ', NULL, NULL, 'Auditor ', 55),
(31, '535435 ', '45345 ', '457457 ', 'Secretary ', 55),
(32, '535435 ', '45345 ', '457457 ', 'Secretary ', 55),
(33, '432423 ', 'awaawda ', 'dawdawddawdawddawdawddawd', 'Secretary ', 55),
(34, 'awawdwa ', '5345345345 ', '4 ', 'Secretary ', 55),
(35, '9879797987 ', 'bscs ', 'dawdawd awdaw ', 'President ', 55),
(36, 'sample name ', 'bscs ', 'awdawdaw ', 'President ', 57),
(37, 'awdaw ', '454354 ', '3adadwa ', 'Auditor ', 59),
(38, '45345 ', '345345 ', '345435 ', 'Treasurer ', 59),
(39, '5435 ', '345345 ', '345345435 ', 'Auditor ', 59),
(40, '45435 ', '435345 ', '345435 ', 'Secretary ', 59),
(41, 'dawdaw ', 'awdawd ', 'awdawd ', 'Secretary ', 60),
(42, 'awdawd awdawd ', 'awdawdaw ', 'awdwa ', 'Secretary ', 60),
(43, 'awdawd awdawd aw ', 'gsegs ', 'gseges ', 'Secretary ', 60),
(44, 'gsegsegse sseg ', 'nrgr ', 'sgsg ', 'Auditor ', 60),
(45, 'awdawd ', 'awdawd ', 'awdaw ', 'Secretary ', 46),
(46, 'jaymar ', 'BSCS ', 'better aclc ', 'President ', 63),
(47, 'KERR ', 'GRADE 10 ', 'SIMPLE ROCK ', 'President ', 1),
(48, 'MARY JOY ', 'GRADE 12 ', 'SEXY HOT ', 'Vice President ', 1),
(49, 'KENT ', 'GRADE 9 ', 'DANGAS ', 'Auditor ', 1),
(50, 'BRYAN ', 'GRADE 11 ', 'PANGAG ', 'Secretary ', 1),
(51, 'WARREN ', '3rd year ', 'hunks ', 'Secretary ', 1),
(52, 'emelda ', '4rtyear ', 'gwapa ', 'Treasurer ', 1),
(53, 'willy ', '4rt year ', 'gwapo ', 'Sargeant at Arms ', 1),
(54, 'KERRRRR ', 'ASSSSSS ', 'SSSSSSSSSSSS ', 'President ', 65),
(55, 'KERRR ', 'SSSSSSSS ', 'AAAAAAAAAAAAAAA ', 'Vice President ', 65),
(56, 'KERRRRRRRRR ', 'AAAAAAAA ', 'AAAAAAAAAAAA ', 'Auditor ', 65),
(57, 'KERRRRRRRRRR ', 'AAAAAAA ', 'AAAAAAAAAAAA ', 'Secretary ', 65),
(58, 'KERRRRRRR ', 'AAAAAAAAAAAA ', 'AAAAAAAAAAAAAAAA ', 'Treasurer ', 65),
(59, 'AAAAAAAAAAA ', 'AAAAAAAAAAAAAAA ', 'AAAAAAAAAAAAA ', 'Sargeant at Arms ', 65),
(60, 'AAAAAAAAAAA ', 'AAAAAAAAAAAAAAA ', 'AAAAAAAAAAAAA ', 'Sargeant at Arms ', 65),
(61, 'maryjoyports ', '4rtyear ', 'nice approc ', 'President ', 66),
(62, 'kerr ', 'sssssss ', 'sssssssssssssss ', 'President ', 66),
(63, 'ssssssss ', 'ssssssssss ', 'sssssssssss ', 'Vice President ', 66),
(64, 'sssssssssss ', 'ssssssssss ', 'ssssssssssssssssssssssss ', 'Auditor ', 66),
(65, 'yyyyyy ', 'yyyyyyyyyyyy ', 'yyyyyyyyyyyyyyyyyyyyy ', 'Secretary ', 66),
(66, 'aowaoiwdu ', 'bscs ', 'a;wkdjadiu ', 'President ', 67),
(67, 'awdawdawi ', 'daiwduiou ', 'slfksjfiuse ', 'Secretary ', 67),
(68, 'i4878789 ', 'aiodawuiy ', 'uiysuiyfse ', 'Vice President ', 67),
(69, 'dsefisueyiu ', 'aiowhiu ', 'yusyrgiuysr ', 'Secretary ', 67),
(70, 'aaaaaaaa ', 'aaaaaa ', 'aaaaa ', 'President ', 68),
(71, 'ss ', 'aaaaaas ', 'aa ', 'President ', 68),
(72, 'zzzzzzzzz ', 'zzz ', 'zzzz ', 'President ', 69),
(73, 'Kerr Dangas ', 'HE ', 'to give salary to tambays ', 'Sargeant at Arms ', 69),
(74, 'Kerr Dangas ', 'LAW ', 'serere ', 'President ', 70),
(75, 'rerwrwrwrw ', 'rewrw ', 'erwerwe ', 'President ', 70),
(76, 'rrewrewerwerwerwer ', 'werw ', 'rwer ', 'Vice President ', 70),
(77, 'aaaaaaaaaaaaaaaa ', 'bscs ', 'asssssss ', 'President ', 72),
(78, 'saaaaaaaaaaaaa ', 'saaaaa ', 'asssssssssss ', 'Vice President ', 72),
(79, 'sssssssssssssssss ', 'asssssssssss ', 'aaaaaaaaaaaaaaa ', 'President ', 73),
(80, 'asas ', 'sasa ', 'sasa ', 'Vice President ', 76),
(81, 'Kerr Warren Ondap ', 'BSCS ', 'simple rock ', 'President ', 77),
(82, 'hfghfg ', 'fhfhf ', 'ghfg ', 'President ', 81),
(83, 'yhgrtythgr ', 'gftf ', 'yytyt ', 'President ', 82),
(84, 'Mary Joy L. Portulazo ', '4th year ', 'Strict implementation of Garbage Segregation ', 'President ', 82),
(85, 'Kerr Warren C. Ondap ', '4th Year ', 'School Cleanliness ', 'President ', 99),
(86, 'dmf;lsmdf ', 'sfasd ', 'dsfsfd ', 'President ', 98),
(87, 'dfdfs ', 'sdf ', 'sdfs ', 'President ', 98),
(88, 'fsdfsdf ', 'sdfsdf ', 'fsdfsd ', 'President ', 98),
(89, 'ccc ', 'bsbcb ', 'bcbc ', 'Auditor ', 97),
(90, 'ZZ ', 'xzx ', 'xzxz ', 'President ', 100),
(91, 'dfdff ', 'sds ', 'wee ', 'Vice President ', 102),
(92, 'eqeq ', 'eqeqe ', 'eqeqeqeq ', 'Vice President ', 102),
(93, 'sdsd ', 'dsd ', 'dsds ', 'President ', 102),
(94, 'vcvc ', 'vcv ', 'vcvc ', 'Vice President ', 103),
(95, 'cxcx ', 'cxcx ', 'cxcxcx ', 'Vice President ', 104),
(96, 'dsds ', 'dsds ', 'dsdsd ', 'Vice President ', 105),
(97, 'Kerr ondap ', 'SMAW ', 'maasayahan ', 'President ', 106),
(98, 'renna buennacosa ', 'hums ', 'tapat sa pangako ', 'President ', 106),
(99, 'MaryJoy Portulazo ', 'HUMS ', 'masipag patulungin sexy maganda ', 'President ', 106),
(100, 'lou ann cabinoy ', 'BSIT ', 'trusty ', 'Vice President ', 106),
(101, 'Maria jessica Pasilan ', 'BSEd ', 'maasahan ', 'Vice President ', 106),
(102, 'Ella Mae Nabuad ', 'Not yet ', 'serbisyong totoo ', 'Vice President ', 106),
(103, 'Brindelyn Badol ', 'Bscs ', 'exellent job ', 'Auditor ', 106),
(104, 'Jomari Arquillano ', 'HRM ', 'trusty ', 'Auditor ', 106),
(105, 'Cheska Sastrillas ', 'cookery ', 'pasipag ', 'Secretary ', 106),
(106, 'Narlyn Tolentino ', 'EIM ', 'serbisyongtotoo ', 'Secretary ', 106),
(107, 'Drane faith Vasques ', 'not yet ', 'tapat ', 'Treasurer ', 106),
(108, 'Bernales jay ', 'notyet ', 'nice ', 'Treasurer ', 106),
(109, 'John Bernales ', 'Cookery ', 'maasahan ', 'Sargeant at Arms ', 106),
(110, 'Joy Centros ', 'hums ', 'masipag ', 'Sargeant at Arms ', 106),
(111, 'Vilasco Kristel ', 'HUMS ', 'Cleanliness ', 'President ', 120),
(112, 'Rivera Joy ', 'Cookery ', 'Cleanliness ', 'President ', 120),
(113, 'Vasques daine ', 'EIM ', 'Cleanliness ', 'Vice President ', 120),
(114, 'Dela cruz win ', 'Cookery ', 'pasipag ', 'Vice President ', 120),
(115, 'John ', 'cookery ', 'Cleanliness ', 'Auditor ', 120),
(116, 'Nash ', 'cookery ', 'Cleanliness ', 'Auditor ', 120),
(117, 'Jen ', 'notyet ', 'masipag ', 'Secretary ', 120),
(118, 'renna ', 'notyet ', 'matulungin ', 'Secretary ', 120),
(119, 'jonh cena ', 'EIM ', 'tapat ', 'Treasurer ', 120),
(120, 'jhon loyd ', 'SMAW ', 'tapat ', 'Treasurer ', 120),
(121, 'anderson ', 'SMAW ', 'matapat ', 'Sargeant at Arms ', 120),
(122, 'reynald ', 'smaw ', 'matapat ', 'Sargeant at Arms ', 120),
(123, 'sandara ', 'smaw ', 'Cleanliness ', 'President ', 119),
(124, 'kerr ', 'notyet ', 'Cleanliness ', 'President ', 119),
(125, 'dela cruz ', 'cookery ', 'tapat ', 'Vice President ', 119),
(126, 'velasques ', 'BSIT ', 'matapat ', 'Vice President ', 119),
(127, 'beiber ', 'bsed ', 'Cleanliness ', 'Auditor ', 119),
(128, 'justien ', 'bscs ', 'segregate   waste ', 'Auditor ', 119),
(129, 'Eva ', 'BSBA ', 'matapat ', 'Secretary ', 119),
(130, 'Jonh helario ', 'smaw ', 'behappy ', 'Secretary ', 119),
(131, 'Avril lavigne ', 'BSBA ', 'segregate_waste ', 'Treasurer ', 119),
(132, 'Alvin pat ', 'EIM ', 'Cleanliness ', 'Treasurer ', 119),
(133, 'Julia ', 'cookery ', 'masipag ', 'Sargeant at Arms ', 119),
(134, 'barito ', 'HRM ', 'Cleanliness ', 'Sargeant at Arms ', 119),
(135, 'JUNA ', 'BSIT ', 'Cleanliness ', 'Sargeant at Arms ', 118),
(136, 'rena ', 'bsis ', 'matapat ', 'President ', 121),
(137, 'eafa ', 'adaw ', 'dthdh ', 'President ', 122),
(138, 'saef ', 'awdaws ', 'egsegse ', 'Vice President ', 122),
(139, 'thfhf ', 'drjdrj ', 'ddrjdrj ', 'President ', 122),
(140, 'hrdrjhdj ', 'drjdj ', 'drjd ', 'President ', 122),
(141, 'drhdr ', 'guguk ', 'hdrhdrjrdj ', 'Vice President ', 122),
(142, 'ftjftj ', 'ftft ', 'ftjft ', 'Vice President ', 122),
(143, 'kuhu ', 'hluh ', 'hulhul ', 'Vice President ', 122),
(144, 'awdawd ', 'aawd ', 'awdawd ', 'President ', 124),
(145, 'sgsgsegs ', 'sgegse ', 'gsegse ', 'President ', 124),
(146, 'sefsef ', 'segseg ', 'segss ', 'Vice President ', 124),
(147, 'sgstdjtdj ', 'agsegs ', 'egseg ', 'Vice President ', 124),
(148, 'bhnvdx ', 'v ', 'b vbvcb ', 'President ', 125),
(149, 'nvcnvnnn ', 'ng ', 'nbngggg ', 'President ', 125),
(150, 'gngh ', 'nvb ', 'nhgdng ', 'Vice President ', 125),
(151, 'nnnnnnnn ', 'hngghn ', 'dnsgan ', 'Vice President ', 125),
(152, 'hnfhfnfnnnnnnnnnnnnnnnnnnnnnnnnnnnnnnnn ', 'nfnf ', 'fgnfgn ', 'Auditor ', 125),
(153, 'nnffnnnnnnn ', 'nfnfgn ', 'fgnfgnfgnnnnnnnnnnnnnnnnnnnnn ', 'Secretary ', 125),
(154, 'nfnfgnfgnfnfg ', 'nfgnfnfnnn ', 'nnbbnb ', 'Treasurer ', 125),
(155, 'hghghfhfhfhfhfhfhfhhhhhhhhh ', 'hhhffghfhhh ', 'h6shzyg ', 'Sargeant at Arms ', 125),
(156, 'Kerr Ondap ', 'HRM ', 'masipag ', 'President ', 126),
(157, 'Bryan Ondap ', 'Law ', 'Masipag ', 'Vice President ', 126),
(158, 'Kent ondap ', 'pharma ', 'truely ', 'Auditor ', 126),
(159, 'warren ondap ', 'BSBA ', 'bright ', 'Secretary ', 126),
(160, 'willy ondap ', 'seaman ', 'faith ', 'Treasurer ', 126),
(161, 'mary joy ', 'bouncer ', 'matapang ', 'Sargeant at Arms ', 126),
(162, 'sasa ', 'sasa ', 'sasasa ', 'President ', 127),
(163, 'sasa ', 'sasa ', 'sasa ', 'President ', 128),
(164, 'asasa ', 'sasasa ', 'sasasa ', 'President ', 129),
(165, 'xcxcx ', 'xxcxc ', 'cxcxc ', 'President ', 130),
(166, 'awaw ', 'mnm ', 'nmnm ', 'Vice President ', 130),
(167, 'fdgfgf ', 'knknjk ', 'klnkjn ', 'Auditor ', 130);

-- --------------------------------------------------------

--
-- Table structure for table `elections`
--

CREATE TABLE `elections` (
  `id` int(11) NOT NULL,
  `name` varchar(100) NOT NULL,
  `year` int(11) NOT NULL,
  `dateS` varchar(15) NOT NULL,
  `dateE` varchar(15) NOT NULL,
  `concluded` varchar(25) DEFAULT NULL
) ENGINE=InnoDB DEFAULT CHARSET=latin1;

--
-- Dumping data for table `elections`
--

INSERT INTO `elections` (`id`, `name`, `year`, `dateS`, `dateE`, `concluded`) VALUES
(2, 'adwdawd', 2018, '8/29/2018', '8/16/2018', NULL),
(5, 'awdwa234234', 2018, '8/24/2018', '8/24/2018', NULL),
(14, 'awdaw_da_wdaw_a_', 2017, '8/30/2018', '8/28/2018', NULL),
(23, 'awdawd awdawdaw 444aw 4564564', 2018, '8/23/2018', '8/23/2018', NULL),
(26, 'awdawd awdawdaw 444aw 4564564', 2018, '8/23/2018', '8/23/2018', NULL),
(27, 'awdawd awdawdaw 444aw 4564564', 2018, '8/23/2018', '8/23/2018', NULL),
(28, 'awdawd awdawdaw 444aw 4564564', 2018, '8/23/2018', '8/23/2018', NULL),
(29, 'awdawd awdawdaw 444aw 4564564', 2018, '8/23/2018', '8/23/2018', '2018-08-15'),
(30, 'awdawd awdawdaw 444aw 4564564', 2018, '8/23/2018', '8/23/2018', NULL),
(33, 'sample Electios', 2017, '8/22/2018', '8/24/2018', NULL),
(37, 'awd35r4543', 2017, '8/17/2018', '8/23/2018', NULL),
(48, '345345', 2016, '8/30/2018', '8/23/2018', NULL),
(49, '435345', 2016, '8/22/2018', '8/24/2018', '2018-08-23'),
(50, '353534', 2018, '8/29/2018', '8/26/2018', '2018-08-24'),
(51, '', 0, '', '', NULL),
(52, '5434534', 2018, '8/22/2018', '8/24/2018', '2018-08-23'),
(53, '87987987', 2018, '8/16/2018', '8/16/2018', '2018-08-16'),
(54, '57567', 2018, '8/24/2018', '8/29/2018', '2018-08-16'),
(55, '576567567', 2018, '8/13/2018', '8/14/2018', '2018-08-14'),
(56, '5435435', 2018, '8/23/2018', '8/25/2018', '2018-08-20'),
(57, 'sregsef', 2018, '8/22/2018', '8/25/2018', '2018-08-16'),
(58, '7ad987a98w7', 2018, '8/23/2018', '8/30/2018', '2018-08-08'),
(59, '535345', 2018, '8/28/2018', '8/29/2018', '2018-08-28'),
(60, 'awdawd', 2018, '8/27/2018', '8/30/2018', '2018-08-30'),
(61, 'awwa awdawd awdaw', 2018, '8/31/2018', '9/8/2018', '2018-08-31'),
(62, 'awdawd123', 2018, '9/1/2018', '9/6/2018', '2018-09-03'),
(63, 'Aclc Election 2018', 2018, '9/4/2018', '9/20/2018', '2018-09-06'),
(64, 'SSC 2018 ELECTION', 2018, '8/31/2018', '9/1/2018', '2018-09-01'),
(65, 'SSC 2019 ELECTION', 2018, '8/31/2018', '8/31/2019', '2018-09-02'),
(66, 'SSC 2020', 2018, '8/31/2018', '8/30/2019', '2018-09-02'),
(67, 'sample', 2018, '9/6/2018', '9/22/2018', '2018-09-12'),
(68, 'Gwapa', 2018, '9/7/2018', '9/8/2018', '2018-09-07'),
(69, 'aaaa', 2018, '9/13/2018', '9/14/2018', NULL),
(70, 'gwapa', 2018, '9/13/2018', '9/14/2018', NULL),
(71, 'aaaaaaaaa', 2018, '9/13/2018', '9/13/2018', NULL),
(72, 'aaaaaaaaaaaaaaaaaaasdfsd', 2018, '9/12/2018', '9/14/2018', NULL),
(73, 'ssc', 2018, '9/23/2018', '9/29/2018', NULL),
(74, 'sasqwewqdasd', 2018, '9/13/2018', '9/14/2018', '2018-09-13'),
(75, 'ssdasdasdas', 2018, '9/13/2018', '9/14/2018', '2018-09-14'),
(76, 'eeeeee', 2018, '9/22/2018', '9/23/2018', '2018-09-22'),
(77, 'SSG ELECTION 2019', 2018, '9/21/2018', '9/22/2018', '2018-09-22'),
(78, 'SSG 1234', 2018, '9/13/2018', '9/13/2018', '2018-09-13'),
(79, '2k18', 2018, '9/14/2018', '9/16/2018', '2018-09-15'),
(80, 'aaaaaaaaaa', 2018, '9/14/2018', '9/15/2018', NULL),
(81, '2k19', 2018, '9/14/2018', '9/15/2018', NULL),
(82, 'SCC ELECTION 2018', 2018, '9/24/2018', '9/29/2018', '2018-09-28'),
(83, 'jhj', 2018, '9/21/2018', '9/22/2018', '2018-09-21'),
(84, 'SCG ELECTION 2018', 2018, '10/2/2018', '10/12/2018', NULL),
(85, 'SCG ELECTION 10/01/2018', 2018, '10/2/2018', '10/30/2018', NULL),
(86, 'SCG ELECTION 10/02/2018', 2018, '10/2/2018', '10/30/2018', NULL),
(87, 'SCG ELECTION 10/03/2018', 2018, '10/2/2018', '10/30/2018', NULL),
(88, 'SCG ELECTION 10/04/2018', 2018, '10/2/2018', '10/30/2018', NULL),
(89, 'SCG ELECTION 10/05/2018', 2018, '10/2/2018', '10/30/2018', NULL),
(90, 'SCG ELECTION 10/06/2018', 2018, '10/2/2018', '10/30/2018', NULL),
(91, 'SCG ELECTION 10/07/2018', 2018, '10/2/2018', '10/30/2018', NULL),
(92, 'SCG ELECTION 10/08/2018', 2018, '10/2/2018', '10/30/2018', NULL),
(93, 'SCG ELECTION 10/09/2018', 2018, '10/2/2018', '10/30/2018', NULL),
(94, 'SCG ELECTION 10/10/2018', 2018, '10/2/2018', '10/30/2018', NULL),
(95, 'SCG ELECTION 10/11/2018', 2018, '10/2/2018', '10/30/2018', NULL),
(96, 'SCG ELECTION 10/12/2018', 2018, '10/2/2018', '10/30/2018', NULL),
(97, 'SCG ELECTION 10/12/2018', 2018, '10/2/2018', '10/30/2018', NULL),
(98, 'SSG Election 2018', 2018, '10/5/2018', '10/6/2018', '2018-10-06'),
(99, 'SSG Election 2018', 2018, '10/5/2018', '10/6/2018', '2018-10-06'),
(100, 'ELECTION', 2018, '10/5/2018', '10/6/2018', NULL),
(101, 'aaaaaaaaaa', 2018, '10/6/2018', '10/8/2018', '2018-10-08'),
(102, 'dfsdfsd', 2018, '10/7/2018', '10/8/2018', NULL),
(103, 'fdfd', 2018, '10/10/2018', '10/11/2018', '2018-10-11'),
(104, 'sasasa', 2018, '10/10/2018', '10/11/2018', '2018-10-11'),
(105, 'sdsd', 2018, '10/10/2018', '10/11/2018', '2018-10-11'),
(106, 'SSG ELECTION 10/10/18', 2018, '10/10/2018', '10/12/2018', NULL),
(107, 'SSG ELECTION 2018 2019', 2018, '10/11/2018', '10/12/2018', NULL),
(108, 'SSG ELECTION 10/12/18', 2018, '10/11/2018', '10/13/2018', NULL),
(109, 'SSG ELECTION  10/13/18', 2018, '10/11/2018', '10/14/2018', NULL),
(110, 'SSG ELECTION 10/14/18', 2018, '10/11/2018', '10/15/2018', NULL),
(111, 'SSG ELECTION 10/15/18', 2018, '10/11/2018', '10/16/2018', NULL),
(112, 'SSG ELECTION 10/16/18', 2018, '10/11/2018', '10/17/2018', NULL),
(113, 'SSG ELECTION 10/17/18', 2018, '10/11/2018', '10/18/2018', NULL),
(114, 'SSG ELECTION 10/19/18', 2018, '10/11/2018', '10/20/2018', NULL),
(115, 'SSG ELECTION 10/20/18', 2018, '10/11/2018', '10/21/2018', '2018-10-19'),
(116, 'SSG ELECTION 10/21/18', 2018, '10/11/2018', '10/22/2018', '2018-10-19'),
(117, 'SSG ELECTION 10/22/18', 2018, '10/11/2018', '10/23/2018', '2018-10-19'),
(118, 'SSG ELECTION 10/23/18', 2018, '10/11/2018', '10/24/2018', '2018-10-22'),
(119, 'SSG ELECTION 10/24/18', 2018, '10/11/2018', '10/25/2018', '2018-10-12'),
(120, 'SSG ELECTION 10/25/18', 2018, '10/11/2018', '10/26/2018', '2018-10-13'),
(121, 'ACLC election 2018', 2018, '10/11/2018', '10/12/2018', '2018-10-12'),
(122, 'sample', 2018, '10/25/2018', '10/26/2018', '2018-10-26'),
(123, 'awdaww', 2018, '10/25/2018', '10/31/2018', '2018-10-29'),
(124, 'awdawda', 2018, '10/31/2018', '10/31/2018', '2018-10-31'),
(125, 'rfgefeerefrferefefefefe', 2018, '10/29/2018', '10/30/2018', '2018-10-30'),
(126, 'ELECTION 2019', 2018, '11/4/2018', '11/5/2018', '2018-11-05'),
(127, 'sasasasa', 2018, '11/6/2018', '11/7/2018', '2018-11-07'),
(128, 'election12345', 2018, '11/8/2018', '11/9/2018', '2018-11-09'),
(129, 'banisil 12345', 2018, '11/8/2018', '11/9/2018', '2018-11-09'),
(130, 'kerrrrr', 2018, '11/11/2018', '11/12/2018', '2018-11-12');

-- --------------------------------------------------------

--
-- Table structure for table `voted`
--

CREATE TABLE `voted` (
  `id` int(11) NOT NULL,
  `candidate_id` int(11) NOT NULL,
  `election_id` int(11) NOT NULL,
  `voters_id` int(11) NOT NULL
) ENGINE=InnoDB DEFAULT CHARSET=latin1;

--
-- Dumping data for table `voted`
--

INSERT INTO `voted` (`id`, `candidate_id`, `election_id`, `voters_id`) VALUES
(1, 14, 55, 11),
(2, 19, 55, 11),
(3, 16, 55, 11),
(4, 14, 55, 11),
(5, 19, 55, 11),
(6, 16, 55, 11),
(7, 14, 55, 11),
(8, 18, 55, 11),
(9, 19, 55, 11),
(10, 20, 55, 11),
(11, 15, 55, 11),
(12, 16, 55, 11),
(13, 21, 55, 11),
(14, 17, 55, 11),
(15, 14, 55, 11),
(16, 19, 55, 11),
(17, 16, 55, 11),
(18, 14, 55, 11),
(19, 18, 55, 11),
(20, 19, 55, 11),
(21, 20, 55, 11),
(22, 15, 55, 11),
(23, 16, 55, 11),
(24, 21, 55, 11),
(25, 17, 55, 11),
(26, 14, 55, 11),
(27, 18, 55, 11),
(28, 19, 55, 11),
(29, 20, 55, 11),
(30, 15, 55, 11),
(31, 16, 55, 11),
(32, 21, 55, 11),
(33, 17, 55, 11),
(34, 14, 55, 11),
(35, 18, 55, 11),
(36, 19, 55, 11),
(37, 20, 55, 11),
(38, 16, 55, 11),
(39, 14, 55, 11),
(40, 18, 55, 11),
(41, 19, 55, 11),
(42, 20, 55, 11),
(43, 16, 55, 11),
(44, 14, 55, 11),
(45, 18, 55, 11),
(46, 19, 55, 11),
(47, 20, 55, 11),
(48, 16, 55, 11),
(49, 14, 55, 11),
(50, 18, 55, 11),
(51, 19, 55, 11),
(52, 20, 55, 11),
(53, 16, 55, 11),
(54, 14, 55, 11),
(55, 18, 55, 11),
(56, 19, 55, 11),
(57, 20, 55, 11),
(58, 16, 55, 11),
(59, 14, 55, 11),
(60, 18, 55, 11),
(61, 19, 55, 11),
(62, 20, 55, 11),
(63, 16, 55, 11),
(64, 14, 55, 11),
(65, 18, 55, 11),
(66, 19, 55, 11),
(67, 20, 55, 11),
(68, 16, 55, 11),
(69, 14, 55, 11),
(70, 18, 55, 11),
(71, 19, 55, 11),
(72, 20, 55, 11),
(73, 16, 55, 11),
(74, 14, 55, 11),
(75, 18, 55, 11),
(76, 19, 55, 11),
(77, 20, 55, 11),
(78, 16, 55, 11),
(79, 14, 55, 11),
(80, 18, 55, 11),
(81, 19, 55, 11),
(82, 20, 55, 11),
(83, 16, 55, 11),
(84, 14, 55, 13),
(85, 19, 55, 13),
(86, 30, 55, 13),
(87, 32, 55, 13),
(88, 24, 55, 13),
(89, 14, 55, 13),
(90, 19, 55, 13),
(91, 30, 55, 13),
(92, 32, 55, 13),
(93, 24, 55, 13),
(94, 30, 55, 13),
(95, 32, 55, 13),
(96, 24, 55, 13),
(97, 14, 55, 13),
(98, 20, 55, 13),
(99, 30, 55, 13),
(100, 33, 55, 13),
(101, 24, 55, 13),
(102, 14, 55, 13),
(103, 19, 55, 13),
(104, 30, 55, 13),
(105, 32, 55, 13),
(106, 24, 55, 13),
(107, 14, 55, 13),
(108, 19, 55, 13),
(109, 30, 55, 13),
(110, 32, 55, 13),
(111, 24, 55, 13),
(112, 14, 55, 13),
(113, 19, 55, 13),
(114, 30, 55, 13),
(115, 32, 55, 13),
(116, 24, 55, 13),
(117, 14, 55, 13),
(118, 19, 55, 13),
(119, 30, 55, 13),
(120, 32, 55, 13),
(121, 33, 55, 13),
(122, 24, 55, 13),
(123, 14, 55, 13),
(124, 19, 55, 13),
(125, 16, 55, 13),
(126, 33, 55, 13),
(127, 32, 55, 13),
(128, 24, 55, 13),
(129, 24, 55, 13),
(130, 30, 55, 13),
(131, 32, 55, 13),
(132, 32, 55, 13),
(133, 24, 55, 13),
(134, 24, 55, 13),
(135, 14, 55, 13),
(136, 14, 55, 13),
(137, 14, 55, 13),
(138, 32, 55, 13),
(139, 14, 55, 13),
(140, 14, 55, 13),
(141, 20, 55, 13),
(142, 30, 55, 13),
(143, 24, 55, 13),
(144, 14, 55, 13),
(145, 20, 55, 13),
(146, 30, 55, 13),
(147, 34, 55, 13),
(148, 24, 55, 13),
(149, 14, 55, 13),
(150, 20, 55, 13),
(151, 34, 55, 13),
(152, 24, 55, 13),
(153, 14, 55, 13),
(154, 20, 55, 13),
(155, 30, 55, 13),
(156, 32, 55, 13),
(157, 24, 55, 13),
(158, 14, 55, 13),
(159, 19, 55, 13),
(160, 14, 55, 13),
(161, 19, 55, 13),
(162, 30, 55, 13),
(163, 32, 55, 13),
(164, 24, 55, 13),
(165, 14, 55, 13),
(166, 19, 55, 13),
(167, 30, 55, 13),
(168, 32, 55, 13),
(169, 14, 55, 13),
(170, 19, 55, 13),
(171, 30, 55, 13),
(172, 14, 55, 13),
(173, 19, 55, 13),
(174, 30, 55, 13),
(175, 24, 55, 13),
(176, 14, 55, 13),
(177, 19, 55, 13),
(178, 30, 55, 13),
(179, 32, 55, 13),
(180, 24, 55, 13),
(181, 14, 55, 13),
(182, 20, 55, 13),
(183, 30, 55, 13),
(184, 33, 55, 13),
(185, 24, 55, 13),
(186, 18, 55, 13),
(187, 20, 55, 13),
(188, 30, 55, 13),
(189, 33, 55, 13),
(190, 24, 55, 13),
(191, 18, 55, 13),
(192, 20, 55, 13),
(193, 30, 55, 13),
(194, 33, 55, 13),
(195, 24, 55, 13),
(196, 14, 55, 13),
(197, 19, 55, 13),
(198, 16, 55, 13),
(199, 21, 55, 13),
(200, 24, 55, 13),
(201, 10, 0, 0),
(202, 14, 55, 13),
(203, 19, 55, 13),
(204, 30, 55, 13),
(205, 33, 55, 13),
(206, 24, 55, 13),
(207, 14, 55, 13),
(208, 19, 55, 13),
(209, 30, 55, 13),
(210, 32, 55, 13),
(211, 24, 55, 13),
(212, 35, 55, 13),
(213, 20, 55, 13),
(214, 30, 55, 13),
(215, 33, 55, 13),
(216, 24, 55, 13),
(217, 14, 55, 13),
(218, 19, 55, 13),
(219, 30, 55, 13),
(220, 33, 55, 13),
(221, 24, 55, 13),
(222, 26, 53, 15),
(223, 44, 60, 39),
(224, 42, 60, 39),
(225, 66, 67, 57),
(226, 68, 67, 57),
(227, 69, 67, 57),
(228, 66, 67, 57),
(229, 68, 67, 57),
(230, 67, 67, 57),
(231, 70, 68, 58),
(232, 80, 76, 65),
(233, 81, 77, 66),
(234, 84, 82, 67),
(235, 87, 98, 79),
(236, 85, 99, 76),
(237, 85, 99, 76),
(238, 94, 103, 109),
(239, 96, 105, 111),
(240, 111, 120, 149),
(241, 114, 120, 149),
(242, 115, 120, 149),
(243, 118, 120, 149),
(244, 120, 120, 149),
(245, 122, 120, 149),
(246, 135, 118, 133),
(247, 137, 122, 151),
(248, 141, 122, 151),
(249, 144, 124, 154),
(250, 147, 124, 154),
(251, 144, 124, 153),
(252, 146, 124, 153),
(253, 148, 125, 155),
(254, 151, 125, 155),
(255, 152, 125, 155),
(256, 153, 125, 155),
(257, 154, 125, 155),
(258, 155, 125, 155),
(259, 149, 125, 156),
(260, 150, 125, 156),
(261, 152, 125, 156),
(262, 153, 125, 156),
(263, 154, 125, 156),
(264, 155, 125, 156),
(265, 148, 125, 157),
(266, 150, 125, 157),
(267, 152, 125, 157),
(268, 153, 125, 157),
(269, 154, 125, 157),
(270, 155, 125, 157),
(271, 148, 125, 158),
(272, 150, 125, 158),
(273, 152, 125, 158),
(274, 153, 125, 158),
(275, 154, 125, 158),
(276, 155, 125, 158),
(277, 149, 125, 158),
(278, 150, 125, 158),
(279, 152, 125, 158),
(280, 153, 125, 158),
(281, 154, 125, 158),
(282, 155, 125, 158),
(283, 156, 126, 159),
(284, 157, 126, 159),
(285, 158, 126, 159),
(286, 159, 126, 159),
(287, 160, 126, 159),
(288, 161, 126, 159),
(289, 164, 129, 162),
(290, 165, 130, 163),
(291, 166, 130, 163),
(292, 167, 130, 163),
(293, 165, 130, 163),
(294, 166, 130, 163),
(295, 167, 130, 163);

-- --------------------------------------------------------

--
-- Table structure for table `voters`
--

CREATE TABLE `voters` (
  `id` int(11) NOT NULL,
  `fname` varchar(55) NOT NULL,
  `lname` varchar(55) NOT NULL,
  `course` text NOT NULL,
  `year` text NOT NULL,
  `election_id` int(11) NOT NULL,
  `voters_id` varchar(40) NOT NULL,
  `voted` tinyint(1) NOT NULL DEFAULT '0'
) ENGINE=InnoDB DEFAULT CHARSET=latin1;

--
-- Dumping data for table `voters`
--

INSERT INTO `voters` (`id`, `fname`, `lname`, `course`, `year`, `election_id`, `voters_id`, `voted`) VALUES
(2, '345435 ', '56546 ', '4Yrs-BSCS', '2nd-Yr', 0, '', 0),
(3, '45345 ', 'rgdrgt ', '4Yrs-BSCS', '3rd-Yr', 0, '45345 -6e371', 0),
(4, 'sipsie ', '345345 ', '4Yrs-BSIT', '2nd-Yr', 0, 'sipsie -16b32', 0),
(5, '5345345 ', '54646 ', '4Yrs-BSBA', '4th-Yr-Above', 0, '5345345 -474d9', 0),
(6, '4535d', '6767', '4Yrs-BSCS', '2nd-Yr', 0, '4535d-fc624', 0),
(7, '56456fd', 'awdaw', '4Yrs-BSCS', '1st-Yr', 0, '56456fd-b2ade', 0),
(8, '435dadw', '65456', '4Yrs-BSBA', '3rd-Yr', 0, '435dadw-20446', 0),
(10, '534534', 'fsfesf', '4Yrs-BSBA', '4th-Yr', 43, '534534-73bfd', 0),
(12, '54645', '656456', '4Yrs-BSCS', '3rd-Yr', 57, '54645-7e1d2', 0),
(13, '534534', '67567', '4Yrs-BSBA', '3rd-Yr', 55, '534534-4a18a', 0),
(14, 'awdawd', '324234324', '4Yrs-BSCS', '4th-Yr', 57, 'awdawd-7b8bc', 0),
(15, 'eeawa', 'dawdaw', '4Yrs-BSCS', '2nd-Yr', 53, 'eeawa-b14f6', 0),
(16, 'awdawd', '4535435', '4Yrs-BSCS', '4th-Yr', 53, 'awdawd-06014', 0),
(18, '', '', 'null', 'null', 60, '-fc891', 0),
(19, '43242', '423432', '4Yrs-BSCS', '4th-Yr', 59, '43242-dc869', 0),
(20, 'sample voter ', 'saldivar', '4Yrs-BSIT', '4th-Yr', 60, 'sample voter -251f3', 0),
(21, 'r435345a awdaw aw da ', '453453 erfes ', '4Yrs-BSCS', '3rd-Yr', 60, 'r435345a awdaw aw da -a403c', 0),
(22, '', 'awdaw', '4Yrs-BSCS', '2nd-Yr', 61, 'awdawd awdawd awdaw -16e2f', 0),
(23, '', 'awdaw', '4Yrs-BSCS', '3rd-Yr', 61, 'awdawd awdaw awdaw -495be', 0),
(24, '', 'awdaw', '4Yrs-BSCS', '3rd-Yr', 61, 'awdawd awdaw awdaw -62c4c', 0),
(25, 'Array', 'awdaw', '4Yrs-BSCS', '3rd-Yr', 61, 'awdawd awdaw awdaw -ba36e', 0),
(26, 'Array', 'awdaw', '4Yrs-BSCS', '3rd-Yr', 61, 'awdawd awdaw awdaw -65536', 0),
(27, 'awdawd awdaw awdaw ', 'awdaw', '4Yrs-BSCS', '3rd-Yr', 61, 'awdawd awdaw awdaw -d4de7', 0),
(28, 'wadaw awdawda awdawd ', 'awdawd awdawd ', '4Yrs-BSCS', '2nd-Yr', 61, 'wadaw awdawda awdawd -a6727', 0),
(29, 'awda awdaw awdaw awdaw ', 'awdawd awdaw ', '4Yrs-BSCS', '2nd-Yr', 61, 'awda awdaw awdaw awdaw -8b77f', 0),
(30, 'dawdaw awdawd awdawd ', 'awdawd awdawd awd ', '4Yrs-BSIT', '2nd-Yr', 61, 'dawdaw awdawd awdawd -cf0c2', 0),
(31, 'awaw awdawda awdaw ', 'awdaw awdawd ', '4Yrs-BSBA', '3rd-Yr', 61, 'awaw awdawda awdaw -fb925', 0),
(32, 'awdawd awdaw ', 'awdaw awdaw awd ', '4Yrs-BSBA', '3rd-Yr', 61, 'awdawd awdaw -85234', 0),
(33, 'awawd awd awdawaw ', 'awdaw awdaw awdwa ', '4Yrs-BSCS', '3rd-Yr', 61, 'awawd awd awdawaw -67b1f', 0),
(34, 'aawd awda%', 'awdaw awdaw ', '4Yrs-BSBA', '3rd-Yr', 61, 'aawd awda -62c0d', 0),
(35, 'adaw awdaw awdaw', 'awdawda awda awdaw ', '4Yrs-BSCS', '3rd-Yr', 61, 'adaw awdaw awdaw -8e91c', 0),
(36, 'awdawd', 'awdaw awdaw ', '4Yrs-BSCS', '3rd-Yr', 61, 'awdawd awdawd awdaw -cd075', 0),
(37, 'awdawdwa awda awd awdaw', 'awdawdwa awdaw ', '4Yrs-BSCS', '2nd-Yr', 61, 'awdawdwa', 0),
(38, 'awdaw awdaw aawda', 'awdaw awdaw ', '4Yrs-BSCS', '4th-Yr', 61, '19a26', 0),
(39, 'awdwa awaw adwadaw', 'awdaw awdaw awdawd ', '4Yrs-BSBA', '3rd-Yr', 60, '8e4e6', 1),
(40, 'dwadawda wadaw awda', 'awdaw awdaw awdaw ', '4Yrs-BSBA', '4th-Yr', 61, 'f206b', 0),
(41, '423', '234234', '4Yrs-BSBA', '3rd-Yr', 51, '11fd0', 0),
(42, 'd', 'awdawd', '4Yrs-BSBA', '3rd-Yr', 46, '337a3', 0),
(43, 'k', 'ondap', '4Yrs-BSIT', '4th-Yr', 63, '5cf6a', 0),
(44, 'k', 'ondap', '4Yrs-BSCS', '1st-Yr', 64, '0c831', 0),
(45, 'br', 'ondap', '4Yrs-BSCS', '3rd-Yr', 64, '96f87', 0),
(46, 'mary joy', 'ondap', '4Yrs-BSCS', '4th-Yr', 64, 'd58e4', 0),
(47, 'eme', 'ondap', '4Yrs-BSIT', '1st-Yr', 64, '8e9aa', 0),
(48, 'wi', 'ondap', '4Yrs-BSIT', '2nd-Yr', 64, '644de', 0),
(49, 'KE', 'AAAA', '4Yrs-BSIT', '2nd-Yr', 65, '10743', 0),
(50, 'AAAAAAAA', 'AAAAAAAAAAAA', '4Yrs-BSIT', '2nd-Yr', 65, '116cd', 0),
(51, 'SSSSSSS', 'SSSSSSSSSS', '4Yrs-BSIT', '2nd-Yr', 65, '1e2d5', 0),
(52, 'DDDDDDDD', 'DDDDDDDDDDDDDDDDD', '4Yrs-BSBA', '4th-Yr', 65, '9f977', 0),
(53, 'FFFFFF', 'FFFFFFFFFFF', '4Yrs-BSBA', '2nd-Yr', 65, '03b40', 0),
(54, 'ON', 'ONDAP', '4Yrs-BSIT', '2nd-Yr', 65, 'a916d', 0),
(55, 'm', 'ondap', '4Yrs-BSBA', '2nd-Yr', 66, '8c8e0', 0),
(56, 'k', 'ondap', '4Yrs-BSIT', '2nd-Yr', 66, '08a4a', 0),
(57, 'iawdjaoi', 'lkadjaw', '4Yrs-BSCS', '3rd-Yr', 67, '10273', 1),
(58, 'kerr', 'ONDAP', '4Yrs-BSBA', '3rd-Yr', 68, '3f36b', 1),
(59, 'Mary Joy', 'Portulazo', '4Yrs-BSCS', '1st-Yr', 69, '56af5', 0),
(60, 'm', 'me', '4Yrs-BSIT', '3rd-Yr', 70, 'e993e', 0),
(61, 'saaaaaaaaaa', 'saaaaaaaaaaa', '4Yrs-BSCS', '3rd-Yr', 72, '67f74', 0),
(62, 'ssssssss', 'saaaaaaaaaaaa', '4Yrs-BSCS', '2nd-Yr', 73, 'dd8af', 0),
(63, 'dfd', 'dd', '4Yrs-BSCS', '2nd-Yr', 74, '15960', 0),
(64, 'jsajsassa', 'sasa', '4Yrs-BSIT', '2nd-Yr', 75, '1cb9e', 0),
(65, '', 'aaaa', '4Yrs-BSCS', '3rd-Yr', 76, '0aad5', 1),
(66, 'k', 'ondap', '4Yrs-BSBA', '4th-Yr-Above', 77, '37ec0', 1),
(67, 'Kerr Warren', 'Ondap', '4Yrs-BSCS', '4th-Yr', 82, '1c01e', 1),
(68, 'anis', 'm', '4Yrs-BSIT', '2nd-Yr', 83, 'c928a', 0),
(69, 'An', 'Locsin', '4Yrs-BSCS', '1st-Yr', 97, 'af007', 0),
(70, 'Pi', 'Pascual', 'SMAW', '4th-Yr', 97, '87797', 0),
(71, 'k', 'ondap', '4Yrs-BSCS', '2nd-Yr', 97, '43499', 0),
(72, 'angel', 'panganiban', '4Yrs-BSIT', '4th-Yr', 97, 'f1dcf', 0),
(73, 'kerr warren', 'ondap', 'Section4', '4th-Yr', 97, '22455', 0),
(74, 'mary', 'purtolazo', 'Section4', '1st-Yr', 97, '10bac', 0),
(75, 'br', 'ondap', 'Section1', '4th-Yr', 97, 'a6e84', 0),
(76, 'Maria Maria', 'Mario', 'Section1', '1st-Yr', 99, 'faf6b', 1),
(77, 'L', 'Palito', 'Section2', '1st-Yr', 99, 'fc1d0', 0),
(78, 'De', 'Cito', 'Section2', '2nd-Yr', 99, 'f1d89', 0),
(79, 'Mary joy', 'Portulazo', 'Section1', '2nd-Yr', 98, '0c559', 1),
(80, 'NI', 'NIKKA', 'Section3', '1st-Yr', 100, '2a5c2', 0),
(81, 'ke', 'kerrr', 'Section2', '4th-Yr', 100, '1864d', 0),
(82, 'w', 'wwww', 'Section2', '2nd-Yr', 100, 'eecdf', 0),
(83, 'h', 'hghg', '4Yrs-BSCS', '1st-Yr', 101, '66338', 0),
(84, 'dfd', 'fdfd', '4Yrs-BSIT', '3rd-Yr', 101, '5caf4', 0),
(85, 's', 'sasasas', '4Yrs-BSCS', '2nd-Yr', 101, '350d8', 0),
(86, 'wd', 'dsdsd', '4Yrs-BSCS', '2nd-Yr', 100, '23b6f', 0),
(87, 'asa', 'sas', '1st-Yr', '4Yrs-BSCS', 101, '3079f', 0),
(88, 'dfd', 'fdfdfdfdf', '4th-Yr', '4Yrs-BSIT', 100, '0bfda', 0),
(89, 'a', 'sas', '3rd-Yr', '4Yrs-BSCS', 101, '6d263', 0),
(90, 'asasa', 'saassas', '2nd-Yr', '4Yrs-BSBA', 101, '90fa4', 0),
(91, 'df', 'fdfsdf', '2nd-Yr', '4Yrs-BSBA', 101, '1e57e', 0),
(92, 's', 'dsdsds', '1st-Yr', 'WELDER', 101, 'e9a8f', 0),
(93, 'de', 'fdfd', '3rd-Yr', 'COOKERY', 102, 'a8338', 0),
(94, 'dfd', 'sdsds', '2nd-Yr', 'COOKERY', 102, 'af6b7', 0),
(95, 'f', 'fdfdf', '2nd-Yr', 'COOKERY', 102, '22c41', 0),
(96, 'rerer', 'ererer', '1st-Yr', 'SMAW', 102, '0c1ff', 0),
(97, 'd', 'fdfdfdf', '2nd-Yr', 'SMAW', 102, 'd356d', 0),
(98, 'fgfgf', 'gfgfgf', '3rd-Yr', 'notyet', 102, 'c8ebf', 0),
(99, 'zxz', 'xzxzxzx', '4th-Yr', 'notyet', 102, '490c8', 0),
(100, 'ke', 'kerrrr', 'Grade7', 'Grade11-HUMS', 102, '843df', 0),
(101, 'sd', 'dsds', 'Grade8', 'notyet', 102, '19931', 0),
(102, 'q', 'wqwq', 'Grade12', 'Grade11-COOKERY', 102, 'c3e13', 0),
(103, '', 'dsd', 'Grade8', 'Grade11-SMAW', 102, '15ec0', 0),
(104, 's', 'dsd', 'Grade8', 'Grade11-SMAW', 102, 'fc682', 0),
(105, 'ass', 'sas', 'Grade8', 'Grade11-SMAW', 102, 'd0c76', 0),
(106, 'fdf', 'fdfdfd', 'Grade7', 'Grade11-COOKERY', 102, '8bc58', 0),
(107, 'd', 'cdc', 'Grade8', 'Grade11-SMAW', 102, '83c6f', 0),
(108, 'c', 'cdcd', 'Gradw9', 'Grade11-COOKERY', 102, '6461a', 0),
(109, 'v', 'vcvc', 'Grade8', 'Grade11-COOKERY', 103, 'a6441', 1),
(110, 'c', 'cxcx', 'Grade8', 'notyet', 104, 'a643a', 0),
(111, 'd', 'dsds', 'Gradw9', 'Grade12-SMAW', 105, '2b70f', 1),
(112, 'c', 'xcxc', 'Grade8', 'Grade11-SMAW', 102, 'ec0c1', 0),
(113, 's', 'sdsd', 'Grade8', 'Grade11-COOKERY', 102, '0f0db', 0),
(114, 'k', 'ondap', 'Grade7', 'Grade11-SMAW', 106, '53bd2', 0),
(115, 'ni', 'buenacosa', 'Grade7', 'Grade11-EIM', 106, '56b24', 0),
(116, 'mary', 'portulazo', 'Grade10', 'Grade12-HUMS', 106, '4165e', 0),
(117, 'k', 'ondap', 'Grade8', 'Grade11-EIM', 106, '1552d', 0),
(118, 'bry', 'Kobe', 'Grade8', 'Grade11-COOKERY', 106, 'aeff6', 0),
(119, 'slas', 'eye', 'Grade8', 'Grade11-EIM', 106, '49277', 0),
(120, 's', 'eleven', 'Grade7', 'notyet', 106, 'e6e6e', 0),
(121, 'ja', 'chan', 'Gradw9', 'Grade12-COOKERY', 106, '106b9', 0),
(122, 'j', 'padilla', 'Grade11', 'Grade12-HUMS', 106, '8d9df', 0),
(123, 'ni', 'sayosa', 'Grade8', 'Grade11-EIM', 96, '61b76', 0),
(124, 'Re', 'Buenacosa', 'Grade9', 'Grade11-SMAW', 120, '75b69', 0),
(125, 'K', 'ondap', 'Grade9', 'Grade11-COOKERY', 120, '55de4', 0),
(126, 'M', 'ramos', 'Grade9', 'Grade11-SMAW', 120, 'c0cc0', 0),
(127, 'A', 'caguiliodo', 'Grade8', 'Grade12-HUMS', 120, '8c990', 0),
(128, 'ra', 'ordinisa', 'Grade11', 'Grade11-HUMS', 120, '97c53', 0),
(129, 'j', 'prats', 'Grade8', 'Grade11-SMAW', 119, '93571', 0),
(130, 'j', 'cena', 'Grade9', 'Grade12-COOKERY', 119, '4f11d', 0),
(131, 're', 'azul', 'Grade10', 'Grade12-COOKERY', 119, 'c03b6', 0),
(132, 'pi', 'pascual', 'Grade12', 'Grade12-COOKERY', 119, 'd68d5', 0),
(133, '', 'MAY', 'Grade10', 'Grade11-EIM', 118, '7db0d', 1),
(134, 'JE', 'SARAGOSA', 'Grade10', 'Grade12-HUMS', 117, 'e5f03', 0),
(135, 'RO', 'HOTEL', 'Grade10', 'Grade12-COOKERY', 116, '578b4', 0),
(136, 'BER', 'AN', 'Grade10', 'Grade11-HUMS', 115, 'a50ff', 0),
(137, 'J', 'DAY', 'Grade9', 'Grade11-HUMS', 114, 'ac735', 0),
(138, 'WI', 'REVILA', 'Grade9', 'Grade11-HUMS', 113, 'cffd1', 0),
(139, '', 'SENT', 'Grade9', 'Grade11-EIM', 112, '7ef15', 0),
(140, 'J', 'MAY', 'Grade11', 'Grade12-COOKERY', 112, 'adbde', 0),
(141, 'ROB', 'MAN', 'Grade9', 'Grade11-HUMS', 111, '91a3c', 0),
(142, 'STEEL', 'STEEL', 'Grade9', 'Grade12-SMAW', 111, 'ae9b9', 0),
(143, '', 'YOURS', 'Grade8', 'Grade11-EIM', 110, 'd57c2', 0),
(144, 'M', 'ME', 'Grade10', 'Grade12-COOKERY', 110, 'dbb74', 0),
(145, '', 'BURGER', 'Grade10', 'Grade12-HUMS', 109, 'f2f66', 0),
(146, 'S', 'GETTE', 'Grade9', 'Grade11-EIM', 109, 'd7956', 0),
(147, 'd', 'explorer', 'Grade7', 'Grade11-HUMS', 108, 'e0ca8', 0),
(148, 'm', 'onsa', 'Grade9', 'Grade11-HUMS', 120, '51113', 0),
(149, 'ha', 'mae', 'Grade9', 'Grade12-SMAW', 120, '1c7c4', 1),
(150, 'r', 'buenacosa', 'Grade10', 'Grade11-SMAW', 121, 'a8404', 0),
(151, 'sg', 'segseg', '4Yrs-BSCS', '3rd-Yr', 122, '29577', 1),
(152, 'aw', 'dawdawd', '4Yrs-BSCS', '3rd-Yr', 124, 'e7248', 0),
(153, 'wdawd', 'rgdhdr', '4Yrs-BSCS', '2nd-Yr', 124, '1c044', 1),
(154, 'se', 'fsef', '4Yrs-BSIT', '2nd-Yr', 124, 'e49f9', 1),
(155, 'n', 'nbbvbnv', '2nd-Yr', '4Yrs-BSCS', 125, '10883', 1),
(156, 'h', 'jbhvgh', '1st-Yr', '4Yrs-BSBA', 125, '88e0e', 1),
(157, 's', 'dsdsds', '3rd-Yr', '4Yrs-BSCS', 125, 'cab61', 1),
(158, 'xs', 'dsdsd', '4th-Yr', '4Yrs-BSCS', 125, '86377', 1),
(159, 'k', 'ondap', '4Yrs-BSCS', '4th-Yr', 126, '86a44', 1),
(160, 's', 'sasa', '4Yrs-BSIT', '2nd-Yr', 127, '20095', 0),
(161, '', 'sasa', '4Yrs-BSIT', '2nd-Yr', 128, '70221', 0),
(162, 's', 'sasa', '4Yrs-BSIT', '2nd-Yr', 129, 'eb48d', 1),
(163, 'ker', 'ondap', '4Yrs-BSIT', '4th-Yr', 130, '25a00', 1);

-- --------------------------------------------------------

--
-- Table structure for table `winner`
--

CREATE TABLE `winner` (
  `id` int(11) NOT NULL,
  `election_id` int(11) NOT NULL,
  `name` varchar(100) NOT NULL,
  `position` varchar(50) NOT NULL,
  `val` int(11) NOT NULL DEFAULT '0'
) ENGINE=InnoDB DEFAULT CHARSET=latin1;

--
-- Dumping data for table `winner`
--

INSERT INTO `winner` (`id`, `election_id`, `name`, `position`, `val`) VALUES
(1, 124, 'awdawd ', 'President ', 2),
(2, 124, 'sefsef ', 'Vice President ', 1),
(3, 125, 'bhnvdx ', 'President ', 1),
(4, 125, 'nnnnnnnn ', 'Vice President ', 1),
(5, 125, 'hnfhfnfnnnnnnnnnnnnnnnnnnnnnnnnnnnnnnnn ', 'Auditor ', 1),
(6, 125, 'nnffnnnnnnn ', 'Secretary ', 1),
(7, 125, 'nfnfgnfgnfnfg ', 'Treasurer ', 1),
(8, 125, 'hghghfhfhfhfhfhfhfhhhhhhhhh ', 'Sargeant at Arms ', 1),
(9, 125, 'nvcnvnnn ', 'President ', 1),
(10, 125, 'gngh ', 'Vice President ', 1),
(11, 125, 'hnfhfnfnnnnnnnnnnnnnnnnnnnnnnnnnnnnnnnn ', 'Auditor ', 2),
(12, 125, 'nnffnnnnnnn ', 'Secretary ', 2),
(13, 125, 'nfnfgnfgnfnfg ', 'Treasurer ', 2),
(14, 125, 'hghghfhfhfhfhfhfhfhhhhhhhhh ', 'Sargeant at Arms ', 2),
(15, 125, 'bhnvdx ', 'President ', 2),
(16, 125, 'gngh ', 'Vice President ', 2),
(17, 125, 'hnfhfnfnnnnnnnnnnnnnnnnnnnnnnnnnnnnnnnn ', 'Auditor ', 3),
(18, 125, 'nnffnnnnnnn ', 'Secretary ', 3),
(19, 125, 'nfnfgnfgnfnfg ', 'Treasurer ', 3),
(20, 125, 'hghghfhfhfhfhfhfhfhhhhhhhhh ', 'Sargeant at Arms ', 3),
(21, 125, 'bhnvdx ', 'President ', 3),
(22, 125, 'gngh ', 'Vice President ', 3),
(23, 125, 'hnfhfnfnnnnnnnnnnnnnnnnnnnnnnnnnnnnnnnn ', 'Auditor ', 4),
(24, 125, 'nnffnnnnnnn ', 'Secretary ', 4),
(25, 125, 'nfnfgnfgnfnfg ', 'Treasurer ', 4),
(26, 125, 'hghghfhfhfhfhfhfhfhhhhhhhhh ', 'Sargeant at Arms ', 4),
(27, 125, 'nvcnvnnn ', 'President ', 2),
(28, 125, 'gngh ', 'Vice President ', 4),
(29, 125, 'hnfhfnfnnnnnnnnnnnnnnnnnnnnnnnnnnnnnnnn ', 'Auditor ', 5),
(30, 125, 'nnffnnnnnnn ', 'Secretary ', 5),
(31, 125, 'nfnfgnfgnfnfg ', 'Treasurer ', 5),
(32, 125, 'hghghfhfhfhfhfhfhfhhhhhhhhh ', 'Sargeant at Arms ', 5),
(33, 126, 'Kerr Ondap ', 'President ', 1),
(34, 126, 'Bryan Ondap ', 'Vice President ', 1),
(35, 126, 'Kent ondap ', 'Auditor ', 1),
(36, 126, 'warren ondap ', 'Secretary ', 1),
(37, 126, 'willy ondap ', 'Treasurer ', 1),
(38, 126, 'mary joy ', 'Sargeant at Arms ', 1),
(39, 129, 'asasa ', 'President ', 1),
(40, 130, 'xcxcx ', 'President ', 1),
(41, 130, 'awaw ', 'Vice President ', 1),
(42, 130, 'fdgfgf ', 'Auditor ', 1),
(43, 130, 'xcxcx ', 'President ', 2),
(44, 130, 'awaw ', 'Vice President ', 2),
(45, 130, 'fdgfgf ', 'Auditor ', 2);

--
-- Indexes for dumped tables
--

--
-- Indexes for table `candidates`
--
ALTER TABLE `candidates`
  ADD PRIMARY KEY (`id`);

--
-- Indexes for table `elections`
--
ALTER TABLE `elections`
  ADD PRIMARY KEY (`id`);

--
-- Indexes for table `voted`
--
ALTER TABLE `voted`
  ADD PRIMARY KEY (`id`);

--
-- Indexes for table `voters`
--
ALTER TABLE `voters`
  ADD PRIMARY KEY (`id`),
  ADD UNIQUE KEY `voters_id` (`voters_id`);

--
-- Indexes for table `winner`
--
ALTER TABLE `winner`
  ADD PRIMARY KEY (`id`);

--
-- AUTO_INCREMENT for dumped tables
--

--
-- AUTO_INCREMENT for table `candidates`
--
ALTER TABLE `candidates`
  MODIFY `id` int(11) NOT NULL AUTO_INCREMENT, AUTO_INCREMENT=168;

--
-- AUTO_INCREMENT for table `elections`
--
ALTER TABLE `elections`
  MODIFY `id` int(11) NOT NULL AUTO_INCREMENT, AUTO_INCREMENT=131;

--
-- AUTO_INCREMENT for table `voted`
--
ALTER TABLE `voted`
  MODIFY `id` int(11) NOT NULL AUTO_INCREMENT, AUTO_INCREMENT=296;

--
-- AUTO_INCREMENT for table `voters`
--
ALTER TABLE `voters`
  MODIFY `id` int(11) NOT NULL AUTO_INCREMENT, AUTO_INCREMENT=164;

--
-- AUTO_INCREMENT for table `winner`
--
ALTER TABLE `winner`
  MODIFY `id` int(11) NOT NULL AUTO_INCREMENT, AUTO_INCREMENT=46;
COMMIT;

/*!40101 SET CHARACTER_SET_CLIENT=@OLD_CHARACTER_SET_CLIENT */;
/*!40101 SET CHARACTER_SET_RESULTS=@OLD_CHARACTER_SET_RESULTS */;
/*!40101 SET COLLATION_CONNECTION=@OLD_COLLATION_CONNECTION */;
